{"States": [[["1", "-", "2"], ["3", "4", "5"], ["6", "7", "8"]], [["1", "2", "-"], ["3", "4", "5"], ["6", "7", "8"]], [["1", "2", "5"], ["3", "4", "-"], ["6", "7", "8"]], [["1", "2", "5"], ["3", "-", "4"], ["6", "7", "8"]], [["1", "2", "5"], ["-", "3", "4"], ["6", "7", "8"]], [["-", "2", "5"], ["1", "3", "4"], ["6", "7", "8"]], [["2", "-", "5"], ["1", "3", "4"], ["6", "7", "8"]], [["2", "5", "-"], ["1", "3", "4"], ["6", "7", "8"]], [["2", "5", "4"], ["1", "3", "-"], ["6", "7", "8"]], [["2", "5", "4"], ["1", "-", "3"], ["6", "7", "8"]], [["2", "5", "4"], ["-", "1", "3"], ["6", "7", "8"]], [["2", "5", "4"], ["6", "1", "3"], ["-", "7", "8"]], [["2", "5", "4"], ["6", "1", "3"], ["7", "-", "8"]], [["2", "5", "4"], ["6", "1", "3"], ["7", "8", "-"]], [["2", "5", "4"], ["6", "1", "-"], ["7", "8", "3"]], [["2", "5", "4"], ["6", "-", "1"], ["7", "8", "3"]], [["2", "5", "4"], ["-", "6", "1"], ["7", "8", "3"]], [["2", "5", "4"], ["7", "6", "1"], ["-", "8", "3"]], [["2", "5", "4"], ["7", "6", "1"], ["8", "-", "3"]], [["2", "5", "4"], ["7", "6", "1"], ["8", "3", "-"]]], "Optimal_cost": [1, 2, 3, 4, 5, 6, 7, 8, 9, 10, 11, 12, 13, 14, 15, 16, 17, 18, 19, 20], "BFS": {"clock_time": [0.0009984970092773438, 0.0009980201721191406, 0.005983829498291016, 0.010971546173095703, 0.01396322250366211, 0.013961076736450195, 0.03290820121765137, 0.05086469650268555, 0.06383061408996582, 0.1476116180419922, 0.255918025970459, 0.254364013671875, 0.5137555599212646, 0.9001691341400146, 1.5996718406677246, 2.787661552429199, 3.858015537261963, 6.4300220012664795, 8.905871868133545, 13.288052082061768], "nodes_generated": [3, 8, 14, 53, 89, 107, 260, 427, 573, 1432, 2079, 2425, 5042, 7935, 11815, 25294, 35022, 40250, 73449, 104236], "path_cost": [1, 2, 3, 4, 5, 6, 7, 8, 9, 10, 11, 12, 13, 14, 15, 16, 17, 18, 19, 20]}, "UCS": {"clock_time": [0.000997304916381836, 0.0059850215911865234, 0.0059697628021240234, 0.018949508666992188, 0.026976346969604492, 0.037943124771118164, 0.07081103324890137, 0.09973287582397461, 0.18375587463378906, 0.37722039222717285, 0.4151153564453125, 0.927422285079956, 1.018355369567871, 2.125197410583496, 2.63275146484375, 4.79723334312439, 7.242544889450073, 7.802485704421997, 15.187838315963745, 20.636848211288452], "nodes_generated": [8, 15, 27, 101, 97, 211, 419, 583, 959, 2037, 2351, 4803, 6067, 12355, 15627, 28209, 41744, 48241, 92838, 122175], "path_cost": [1, 2, 3, 4, 5, 6, 7, 8, 9, 10, 11, 12, 13, 14, 15, 16, 17, 18, 19, 20]}, "DLS": {"clock_time": [18.748407125473022, 8.05345892906189, 11.009813785552979, 6.244350433349609, 10.850825071334839, 4.557031631469727, 24.316169261932373, 39.36597800254822, 10.491374969482422, 6.617441654205322, 21.2019624710083, 14.296908855438232, 23.048603057861328, 15.007079124450684, 23.287080764770508, 15.56796145439148, 54.389137983322144, 36.037230491638184, 79.47666716575623, 1.5426485538482666], "nodes_generated": [137683, 68281, 89132, 51278, 89352, 38522, 201392, 321652, 89153, 53467, 175545, 117828, 190644, 115552, 172297, 119162, 389100, 279041, 564467, 12129], "path_cost": [25, 24, 23, 26, 25, 26, 23, 26, 25, 24, 25, 26, 23, 26, 25, 26, 25, 26, 25, 26]}, "IDS": {"clock_time": [0.0009975433349609375, 0.003022432327270508, 0.02297663688659668, 0.04388141632080078, 0.04388308525085449, 0.07982087135314941, 0.10023927688598633, 0.16153407096862793, 0.2184903621673584, 0.5136256217956543, 0.7326035499572754, 0.8066420555114746, 1.7540359497070312, 2.769838809967041, 4.434661388397217, 10.099233150482178, 14.513684272766113, 18.089298963546753, 35.18871212005615, 175.55440258979797], "nodes_generated": [4, 12, 23, 105, 180, 223, 566, 970, 1355, 3688, 5520, 6548, 14197, 22832, 35708, 80217, 113694, 134983, 265756, 399415], "path_cost": [1, 2, 3, 4, 5, 6, 7, 8, 9, 10, 11, 12, 13, 14, 15, 16, 17, 18, 19, 20]}, "GBFS": {"misplaced_tiles": {"clock_time": [0.00514674186706543, 0.0019931793212890625, 0.004128932952880859, 0.00827646255493164, 0.006655454635620117, 0.007587432861328125, 0.04729104042053223, 0.19132375717163086, 0.012047052383422852, 0.06165671348571777, 0.20347213745117188, 0.21442651748657227, 0.282991886138916, 0.3121058940887451, 0.17031359672546387, 0.20432472229003906, 0.16011309623718262, 2.023273229598999, 0.7644157409667969, 2.830615758895874], "nodes_generated": [4, 6, 9, 13, 16, 18, 94, 492, 37, 130, 293, 295, 649, 651, 194, 407, 415, 2647, 1307, 3861], "path_cost": [1, 2, 3, 4, 5, 6, 7, 42, 9, 10, 41, 42, 19, 20, 25, 56, 27, 100, 95, 174]}, "manhattan_distance": {"clock_time": [0.0009958744049072266, 0.0027468204498291016, 0.0029997825622558594, 0.012929677963256836, 0.016469240188598633, 0.009170770645141602, 0.006612539291381836, 0.010670900344848633, 0.048450469970703125, 0.03941011428833008, 0.04333782196044922, 0.044599294662475586, 0.08956289291381836, 0.07427215576171875, 0.1177055835723877, 0.20649981498718262, 0.1947004795074463, 0.13697052001953125, 0.3228025436401367, 0.15888071060180664], "nodes_generated": [4, 6, 9, 13, 16, 18, 21, 23, 26, 94, 103, 103, 125, 127, 206, 343, 387, 389, 780, 471], "path_cost": [1, 2, 3, 4, 5, 6, 7, 8, 9, 22, 23, 24, 25, 26, 31, 50, 39, 40, 71, 60]}}, "A_star": {"misplaced_tiles": {"clock_time": [0.0009989738464355469, 0.003988981246948242, 0.0030264854431152344, 0.009234428405761719, 0.008984804153442383, 0.01976180076599121, 0.0224759578704834, 0.05557847023010254, 0.0370023250579834, 0.09135079383850098, 0.11969804763793945, 0.18482327461242676, 0.28017330169677734, 0.44914793968200684, 0.5174665451049805, 1.4231922626495361, 1.2350578308105469, 1.967853307723999, 4.6035425662994385, 4.933357238769531], "nodes_generated": [4, 6, 9, 13, 16, 21, 41, 53, 84, 134, 184, 213, 416, 566, 876, 1626, 1833, 2147, 5537, 6588], "path_cost": [1, 2, 3, 4, 5, 6, 7, 8, 9, 10, 11, 12, 13, 14, 15, 16, 17, 18, 19, 20]}, "manhattan_distance": {"clock_time": [0.0036063194274902344, 0.006639957427978516, 0.021910905838012695, 0.02200484275817871, 0.022038936614990234, 0.009867191314697266, 0.013842582702636719, 0.01639842987060547, 0.03164267539978027, 0.03261566162109375, 0.026500225067138672, 0.04570269584655762, 0.05401754379272461, 0.08046770095825195, 0.10099554061889648, 0.13115143775939941, 0.15314388275146484, 0.14253687858581543, 0.3213062286376953, 0.3389430046081543], "nodes_generated": [4, 6, 9, 13, 16, 18, 21, 23, 26, 43, 47, 50, 73, 102, 171, 222, 220, 236, 431, 524], "path_cost": [1, 2, 3, 4, 5, 6, 7, 8, 9, 10, 11, 12, 13, 14, 15, 16, 17, 18, 19, 20]}}}